USE_YMD,SBWY_ROUT_LN_NM,SBWY_STNS_NM,GTON_TNOPE,GTOFF_TNOPE,REG_YMD
20170101,과천선,범계,14062,13843,20170109
20170102,과천선,범계,31004,30201,20170110
20170103,과천선,범계,32165,31535,20170111
20170104,과천선,범계,33366,32713,20170112
20170105,과천선,범계,33559,32478,20170113
20170106,과천선,범계,35237,35037,20170114
20170107,과천선,범계,29190,28733,20170115
20170108,과천선,범계,20822,20305,20170116
20170109,과천선,범계,32105,31443,20170117
20170110,과천선,범계,32322,31389,20170118
20170111,과천선,범계,32405,31552,20170119
20170112,과천선,범계,33249,32523,20170120
20170113,과천선,범계,33887,33245,20170121
20170114,과천선,범계,27492,26904,20170122
20170115,과천선,범계,19086,18666,20170123
20170116,과천선,범계,31468,30542,20170124
20170117,과천선,범계,32776,32053,20170125
20170118,과천선,범계,33889,33183,20170126
20170119,과천선,범계,33668,32929,20170127
20170120,과천선,범계,38088,37279,20170128
20170121,과천선,범계,29290,28494,20170129
20170122,과천선,범계,20239,19729,20170130
20170123,과천선,범계,31277,30337,20170131
20170124,과천선,범계,32122,31406,20170201
20170125,과천선,범계,33578,32940,20170202
20170126,과천선,범계,32232,32181,20170203
20170127,과천선,범계,12269,11725,20170204
20170128,과천선,범계,9087,9521,20170205
20170129,과천선,범계,15305,15608,20170206
20170130,과천선,범계,20270,19570,20170207
20170131,과천선,범계,30970,29992,20170208
20170201,과천선,범계,32750,32190,20170209
20170202,과천선,범계,32525,31725,20170210
20170203,과천선,범계,35060,34897,20170211
20170204,과천선,범계,29179,28671,20170212
20170205,과천선,범계,19362,18842,20170213
20170206,과천선,범계,32596,31896,20170214
20170207,과천선,범계,33166,32219,20170215
20170208,과천선,범계,33873,32856,20170216
20170209,과천선,범계,32711,31811,20170217
20170210,과천선,범계,34090,33758,20170218
20170211,과천선,범계,29364,28975,20170219
20170212,과천선,범계,20582,19965,20170220
20170213,과천선,범계,32947,31974,20170221
20170214,과천선,범계,34733,33825,20170222
20170215,과천선,범계,34409,33617,20170223
20170216,과천선,범계,34151,33111,20170224
20170217,과천선,범계,35357,35135,20170225
20170218,과천선,범계,30190,29614,20170226
20170219,과천선,범계,20878,20188,20170227
20170220,과천선,범계,32432,31376,20170228
20170221,과천선,범계,33581,32593,20170301
20170222,과천선,범계,32572,32066,20170302
20170223,과천선,범계,33924,33018,20170303
20170224,과천선,범계,35278,35193,20170304
20170225,과천선,범계,31141,30703,20170305
20170226,과천선,범계,21938,21072,20170306
20170227,과천선,범계,33534,32375,20170307
20170228,과천선,범계,34803,34616,20170308
20170301,과천선,범계,23425,22719,20170309
20170302,과천선,범계,33814,33249,20170310
20170303,과천선,범계,35587,35577,20170311
20170304,과천선,범계,29989,29118,20170312
20170305,과천선,범계,21036,20003,20170313
20170306,과천선,범계,32721,32176,20170314
20170307,과천선,범계,34152,33712,20170314
20170308,과천선,범계,34366,34012,20170314
20170309,과천선,범계,34690,34060,20170314
20170310,과천선,범계,36139,36174,20170314
20170311,과천선,범계,30934,30381,20170314
20170312,과천선,범계,20784,19509,20170315
20170313,과천선,범계,34029,33661,20170316
20170314,과천선,범계,35091,35010,20170317
20170315,과천선,범계,34937,34576,20170318
20170316,과천선,범계,34549,34155,20170319
20170317,과천선,범계,36538,36635,20170320
20170318,과천선,범계,31368,31120,20170321
20170319,과천선,범계,21893,20793,20170322
20170320,과천선,범계,33583,32809,20170323
20170321,과천선,범계,34385,33663,20170324
20170322,과천선,범계,34972,34987,20170325
20170323,과천선,범계,34682,34108,20170326
20170324,과천선,범계,36443,36538,20170327
20170325,과천선,범계,30782,30200,20170328
20170326,과천선,범계,21714,20789,20170329
20170327,과천선,범계,33291,32670,20170330
20170328,과천선,범계,34645,34123,20170331
20170329,과천선,범계,34870,34579,20170401
20170330,과천선,범계,35114,34588,20170402
20170331,과천선,범계,35337,35628,20170403
20170401,과천선,범계,30183,29726,20170404
20170402,과천선,범계,21267,20146,20170405
20170403,과천선,범계,33692,33039,20170406
20170404,과천선,범계,34420,34084,20170407
20170405,과천선,범계,33388,33376,20170408
20170406,과천선,범계,33966,33141,20170409
20170407,과천선,범계,37093,37149,20170410
20170408,과천선,범계,33132,32015,20170411
20170409,과천선,범계,21887,20835,20170412
20170410,과천선,범계,33967,33260,20170413
20170411,과천선,범계,34907,34293,20170414
20170412,과천선,범계,35592,35520,20170415
20170413,과천선,범계,34969,34051,20170416
20170414,과천선,범계,34635,33614,20170417
20170415,과천선,범계,30772,29895,20170418
20170416,과천선,범계,21743,20741,20170419
20170417,과천선,범계,31712,30865,20170420
20170418,과천선,범계,33424,32849,20170421
20170419,과천선,범계,34694,34243,20170422
20170420,과천선,범계,33887,33173,20170423
20170421,과천선,범계,35964,35871,20170424
20170422,과천선,범계,30805,29903,20170425
20170423,과천선,범계,21407,20419,20170426
20170424,과천선,범계,33420,32700,20170427
20170425,과천선,범계,34127,33353,20170428
20170426,과천선,범계,35692,35265,20170429
20170427,과천선,범계,35816,35378,20170430
20170428,과천선,범계,37835,38009,20170501
20170429,과천선,범계,30738,29980,20170502
20170430,과천선,범계,22474,21758,20170503
20170501,과천선,범계,27319,27197,20170504
20170502,과천선,범계,35204,35447,20170505
20170503,과천선,범계,24946,24555,20170506
20170504,과천선,범계,31376,31241,20170507
20170505,과천선,범계,23254,22620,20170508
20170506,과천선,범계,23400,23217,20170509
20170507,과천선,범계,20358,19277,20170510
20170508,과천선,범계,33367,33686,20170511
20170509,과천선,범계,23202,22223,20170512
20170510,과천선,범계,34491,33975,20170513
20170511,과천선,범계,35735,35101,20170514
20170512,과천선,범계,36307,36592,20170515
20170513,과천선,범계,30013,29189,20170516
20170514,과천선,범계,22666,21768,20170517
20170515,과천선,범계,34402,33473,20170518
20170516,과천선,범계,34136,33373,20170519
20170517,과천선,범계,35619,35218,20170520
20170518,과천선,범계,34569,34223,20170521
20170519,과천선,범계,39020,38742,20170522
20170520,과천선,범계,31065,30417,20170523
20170521,과천선,범계,21854,20996,20170524
20170522,과천선,범계,32724,32031,20170525
20170523,과천선,범계,34001,33373,20170526
20170524,과천선,범계,35291,34853,20170527
20170525,과천선,범계,35103,34271,20170528
20170526,과천선,범계,36772,36257,20170529
20170527,과천선,범계,32778,31728,20170530
20170528,과천선,범계,22118,21129,20170531
20170529,과천선,범계,33724,32886,20170601
20170530,과천선,범계,34108,33431,20170602
20170531,과천선,범계,34714,34424,20170603
20170601,과천선,범계,34276,33282,20170604
20170602,과천선,범계,36449,36412,20170605
20170603,과천선,범계,28736,28300,20170606
20170604,과천선,범계,19841,18984,20170607
20170605,과천선,범계,32914,32274,20170608
20170606,과천선,범계,20658,19849,20170609
20170607,과천선,범계,32705,32169,20170610
20170608,과천선,범계,33887,33084,20170611
20170609,과천선,범계,35332,35261,20170612
20170610,과천선,범계,29453,28460,20170613
20170611,과천선,범계,20050,19069,20170614
20170612,과천선,범계,31860,30872,20170615
20170613,과천선,범계,33203,32435,20170616
20170614,과천선,범계,33942,33319,20170617
20170615,과천선,범계,33730,32948,20170618
20170616,과천선,범계,34820,34618,20170619
20170617,과천선,범계,29546,28754,20170620
20170618,과천선,범계,19529,18342,20170621
20170619,과천선,범계,32286,31513,20170622
20170620,과천선,범계,32999,31987,20170623
20170621,과천선,범계,33529,32942,20170624
20170622,과천선,범계,32809,31817,20170625
20170623,과천선,범계,34489,33991,20170626
20170624,과천선,범계,28108,27125,20170627
20170625,과천선,범계,19464,18639,20170628
20170626,과천선,범계,31007,29921,20170629
20170627,과천선,범계,31952,30996,20170630
20170628,과천선,범계,32494,31891,20170701
20170629,과천선,범계,32467,31383,20170702
20170630,과천선,범계,33881,33422,20170703
20170701,과천선,범계,27345,26492,20170704
20170702,과천선,범계,17243,16215,20170705
20170703,과천선,범계,30094,28864,20170706
20170704,과천선,범계,31658,30517,20170707
20170705,과천선,범계,33147,32384,20170708
20170706,과천선,범계,32648,31720,20170709
20170707,과천선,범계,33680,33357,20170710
20170708,과천선,범계,25747,25205,20170711
20170709,과천선,범계,18836,18060,20170712
20170710,과천선,범계,28728,27893,20170713
20170711,과천선,범계,32459,31603,20170714
20170712,과천선,범계,32467,31685,20170715
20170713,과천선,범계,32219,31209,20170716
20170714,과천선,범계,34175,33561,20170717
20170715,과천선,범계,25884,25084,20170718
20170716,과천선,범계,19158,18842,20170719
20170717,과천선,범계,30279,29077,20170720
20170718,과천선,범계,31863,30541,20170721
20170719,과천선,범계,32620,31620,20170722
20170720,과천선,범계,32464,31343,20170723
20170721,과천선,범계,34200,33341,20170724
20170722,과천선,범계,26283,25333,20170725
20170723,과천선,범계,15936,15390,20170726
20170724,과천선,범계,30010,28893,20170727
20170725,과천선,범계,31633,30635,20170728
20170726,과천선,범계,32812,31805,20170729
20170727,과천선,범계,32167,30944,20170730
20170728,과천선,범계,31398,30963,20170731
20170729,과천선,범계,25038,23990,20170801
20170730,과천선,범계,18308,17601,20170802
20170731,과천선,범계,27588,26454,20170803
20170801,과천선,범계,30088,28876,20170804
20170802,과천선,범계,29649,28603,20170805
20170803,과천선,범계,29589,28427,20170806
20170804,과천선,범계,30484,29749,20170807
20170805,과천선,범계,23422,22330,20170808
20170806,과천선,범계,17188,16644,20170809
20170807,과천선,범계,29284,27955,20170810
20170808,과천선,범계,30538,29683,20170811
20170809,과천선,범계,31261,30432,20170812
20170810,과천선,범계,30654,29414,20170813
20170811,과천선,범계,32406,31347,20170814
20170812,과천선,범계,25407,24411,20170815
20170813,과천선,범계,18469,17844,20170816
20170814,과천선,범계,28445,27876,20170817
20170815,과천선,범계,17224,16680,20170818
20170816,과천선,범계,30797,29891,20170819
20170817,과천선,범계,31043,30054,20170820
20170818,과천선,범계,32937,32294,20170821
20170819,과천선,범계,26860,25509,20170822
20170820,과천선,범계,17091,17030,20170823
20170821,과천선,범계,30198,29013,20170824
20170822,과천선,범계,31000,30196,20170825
20170823,과천선,범계,30983,29872,20170826
20170824,과천선,범계,29978,28888,20170827
20170825,과천선,범계,34134,33287,20170828
20170826,과천선,범계,28791,27454,20170829
20170827,과천선,범계,19271,18603,20170830
20170828,과천선,범계,30503,29810,20170831
20170829,과천선,범계,32380,31585,20170901
20170830,과천선,범계,32907,32359,20170902
20170831,과천선,범계,32591,31543,20170903
20170901,과천선,범계,34785,34878,20170904
20170902,과천선,범계,28844,27597,20170905
20170903,과천선,범계,20520,19489,20170906
20170904,과천선,범계,31446,30445,20170907
20170905,과천선,범계,32449,31808,20170908
20170906,과천선,범계,33976,32946,20170909
20170907,과천선,범계,33363,32526,20170910
20170908,과천선,범계,34709,34244,20170911
20170909,과천선,범계,29652,28743,20170912
20170910,과천선,범계,20558,19377,20170913
20170911,과천선,범계,31824,30871,20170914
20170912,과천선,범계,33047,31980,20170915
20170913,과천선,범계,33555,32617,20170916
20170914,과천선,범계,33220,32232,20170917
20170915,과천선,범계,34930,34791,20170918
20170916,과천선,범계,29536,28380,20170919
20170917,과천선,범계,20294,19059,20170920
20170918,과천선,범계,31963,30821,20170921
20170919,과천선,범계,32404,31579,20170922
20170920,과천선,범계,33435,32637,20170923
20170921,과천선,범계,33525,32599,20170924
20170922,과천선,범계,37081,36900,20170925
20170923,과천선,범계,30721,29902,20170926
20170924,과천선,범계,20986,19582,20170927
20170925,과천선,범계,32592,31713,20170928
20170926,과천선,범계,33661,32490,20170929
20170927,과천선,범계,33270,32712,20170930
20170928,과천선,범계,34001,33260,20171001
20170929,과천선,범계,36647,36371,20171002
20170930,과천선,범계,28384,27187,20171003
20171001,과천선,범계,18409,18054,20171004
20171002,과천선,범계,20328,19848,20171005
20171003,과천선,범계,11733,10917,20171006
20171004,과천선,범계,8951,9094,20171007
20171005,과천선,범계,15130,14739,20171008
20171006,과천선,범계,18767,18311,20171009
20171007,과천선,범계,21896,21371,20171010
20171008,과천선,범계,19375,18915,20171011
20171009,과천선,범계,20704,20007,20171012
20171010,과천선,범계,31527,30816,20171013
20171011,과천선,범계,32117,31309,20171014
20171012,과천선,범계,33129,32402,20171015
20171013,과천선,범계,34810,34529,20171016
20171014,과천선,범계,29795,28296,20171017
20171015,과천선,범계,21121,20069,20171018
20171016,과천선,범계,32266,31271,20171019
20171017,과천선,범계,33138,32385,20171020
20171018,과천선,범계,34259,33966,20171021
20171019,과천선,범계,33713,32885,20171022
20171020,과천선,범계,37615,37535,20171023
20171021,과천선,범계,30693,29823,20171024
20171022,과천선,범계,21608,20546,20171025
20171023,과천선,범계,31844,31208,20171026
20171024,과천선,범계,32824,32128,20171027
20171025,과천선,범계,34270,33702,20171028
20171026,과천선,범계,33558,32576,20171029
20171027,과천선,범계,38386,38187,20171030
20171028,과천선,범계,32548,31483,20171031
20171029,과천선,범계,22285,21115,20171101
20171030,과천선,범계,32452,31474,20171102
20171031,과천선,범계,33180,32517,20171103
20171101,과천선,범계,33497,32935,20171104
20171102,과천선,범계,32568,31886,20171105
20171103,과천선,범계,34560,34490,20171106
20171104,과천선,범계,29840,28911,20171107
20171105,과천선,범계,21467,20266,20171108
20171106,과천선,범계,32280,31359,20171109
20171107,과천선,범계,32493,31702,20171110
20171108,과천선,범계,34295,33836,20171111
20171109,과천선,범계,33686,33007,20171112
20171110,과천선,범계,34655,34342,20171113
20171111,과천선,범계,30205,29385,20171114
20171112,과천선,범계,21202,20108,20171115
20171113,과천선,범계,32036,31046,20171116
20171114,과천선,범계,32981,32121,20171117
20171115,과천선,범계,34247,33566,20171118
20171116,과천선,범계,33717,33005,20171119
20171117,과천선,범계,34006,33951,20171120
20171118,과천선,범계,29091,27890,20171121
20171119,과천선,범계,19593,18511,20171122
20171120,과천선,범계,31747,30531,20171123
20171121,과천선,범계,32533,31757,20171124
20171122,과천선,범계,33830,33201,20171125
20171123,과천선,범계,33688,32447,20171126
20171124,과천선,범계,35566,35679,20171127
20171125,과천선,범계,29157,28867,20171128
20171126,과천선,범계,21101,20303,20171129
20171127,과천선,범계,32709,31410,20171130
20171128,과천선,범계,33396,32434,20171201
20171129,과천선,범계,33786,32980,20171202
20171130,과천선,범계,32851,32388,20171203
20171201,과천선,범계,34851,34907,20171204
20171202,과천선,범계,30022,29075,20171205
20171203,과천선,범계,20872,20062,20171206
20171204,과천선,범계,32443,31434,20171207
20171205,과천선,범계,32858,31976,20171208
20171206,과천선,범계,34307,33426,20171209
20171207,과천선,범계,34534,33525,20171210
20171208,과천선,범계,35466,35070,20171211
20171209,과천선,범계,30520,29503,20171212
20171210,과천선,범계,20025,19154,20171213
20171211,과천선,범계,31714,30551,20171214
20171212,과천선,범계,31523,30540,20171215
20171213,과천선,범계,33182,32299,20171216
20171214,과천선,범계,33886,32682,20171217
20171215,과천선,범계,36953,36109,20171218
20171216,과천선,범계,32563,31050,20171219
20171217,과천선,범계,20554,19601,20171220
20171218,과천선,범계,34263,33007,20171221
20171219,과천선,범계,33483,32349,20171222
20171220,과천선,범계,35680,34605,20171223
20171221,과천선,범계,34752,33439,20171224
20171222,과천선,범계,37230,36855,20171225
20171223,과천선,범계,29855,28809,20171226
20171224,과천선,범계,20545,20032,20171227
20171225,과천선,범계,21414,20827,20171228
20171226,과천선,범계,31900,30870,20171229
20171227,과천선,범계,32577,31613,20171230
20171228,과천선,범계,33168,31913,20171231
20171229,과천선,범계,34554,33908,20180101
20171230,과천선,범계,25466,25020,20180102
20171231,과천선,범계,19277,18407,20180103
20180101,과천선,범계,12816,12706,20180104
20180102,과천선,범계,30811,29679,20180105
20180103,과천선,범계,31492,30462,20180106
20180104,과천선,범계,31505,30510,20180107
20180105,과천선,범계,33978,33415,20180108
20180106,과천선,범계,27136,26614,20180109
20180107,과천선,범계,18425,17783,20180110
20180108,과천선,범계,30950,29810,20180111
20180109,과천선,범계,31599,30090,20180112
20180110,과천선,범계,32318,30961,20180113
20180111,과천선,범계,30100,29121,20180114
20180112,과천선,범계,31456,30819,20180115
20180113,과천선,범계,27922,26856,20180116
20180114,과천선,범계,19196,18487,20180117
20180115,과천선,범계,31146,30040,20180118
20180116,과천선,범계,31531,30701,20180119
20180117,과천선,범계,32744,31855,20180120
20180118,과천선,범계,32056,30992,20180121
20180119,과천선,범계,34302,33790,20180122
20180120,과천선,범계,27915,27137,20180123
20180121,과천선,범계,19241,18415,20180124
20180122,과천선,범계,30837,29606,20180125
20180123,과천선,범계,30099,29266,20180126
20180124,과천선,범계,29057,28404,20180127
20180125,과천선,범계,29040,28079,20180128
20180126,과천선,범계,30292,29756,20180129
20180127,과천선,범계,25106,24471,20180130
20180128,과천선,범계,18212,17591,20180131
20180129,과천선,범계,29891,28608,20180201
20180130,과천선,범계,31753,30646,20180202
20180131,과천선,범계,32345,31352,20180203
20180201,과천선,범계,31773,30680,20180204
20180202,과천선,범계,33664,33047,20180205
20180203,과천선,범계,26846,26311,20180206
20180204,과천선,범계,17816,17236,20180207
20180205,과천선,범계,30050,29209,20180208
20180206,과천선,범계,30177,29386,20180209
20180207,과천선,범계,31681,30762,20180210
20180208,과천선,범계,32212,30731,20180211
20180209,과천선,범계,33906,33168,20180212
20180210,과천선,범계,26475,25688,20180213
20180211,과천선,범계,18523,18154,20180214
20180212,과천선,범계,31937,30955,20180215
20180213,과천선,범계,32692,31576,20180216
20180214,과천선,범계,32535,32351,20180217
20180215,과천선,범계,11779,11035,20180218
20180216,과천선,범계,8653,9100,20180219
20180217,과천선,범계,15990,16174,20180220
20180218,과천선,범계,17237,16694,20180221
20180219,과천선,범계,31674,30579,20180222
20180220,과천선,범계,33324,32291,20180223
20180221,과천선,범계,33807,32842,20180224
20180222,과천선,범계,33541,32502,20180225
20180223,과천선,범계,35283,34590,20180226
20180224,과천선,범계,29671,28884,20180227
20180225,과천선,범계,20318,19651,20180228
20180226,과천선,범계,32541,31608,20180301
20180227,과천선,범계,32725,31755,20180302
20180228,과천선,범계,33486,32615,20180303
20180301,과천선,범계,21549,21098,20180304
20180302,과천선,범계,32254,32258,20180305
20180303,과천선,범계,27888,27487,20180306
20180304,과천선,범계,18320,17584,20180307
20180305,과천선,범계,31828,31126,20180308
20180306,과천선,범계,33824,33572,20180309
20180307,과천선,범계,33851,33635,20180310
20180308,과천선,범계,32834,32513,20180311
20180309,과천선,범계,35513,35447,20180312
20180310,과천선,범계,29542,28976,20180313
20180311,과천선,범계,21461,20421,20180314
20180312,과천선,범계,33228,32566,20180315
20180313,과천선,범계,34298,33416,20180316
20180314,과천선,범계,34929,34723,20180317
20180315,과천선,범계,32439,31580,20180318
20180316,과천선,범계,35730,35770,20180319
20180317,과천선,범계,30322,29877,20180320
20180318,과천선,범계,20530,19416,20180321
20180319,과천선,범계,32200,31322,20180322
20180320,과천선,범계,33623,33171,20180323
20180321,과천선,범계,32969,32343,20180324
20180322,과천선,범계,33842,32920,20180325
20180323,과천선,범계,35553,35706,20180326
20180324,과천선,범계,29455,28847,20180327
20180325,과천선,범계,20396,19562,20180328
20180326,과천선,범계,32560,31717,20180329
20180327,과천선,범계,33431,32833,20180330
20180328,과천선,범계,34348,34174,20180331
20180329,과천선,범계,34118,33556,20180401
20180330,과천선,범계,35849,35899,20180402
20180331,과천선,범계,29742,29305,20180403
20180401,과천선,범계,19911,19146,20180404
20180402,과천선,범계,33235,31952,20180405
20180403,과천선,범계,33917,33148,20180406
20180404,과천선,범계,33752,33228,20180407
20180405,과천선,범계,32272,31708,20180408
20180406,과천선,범계,35316,35223,20180409
20180407,과천선,범계,30118,29522,20180410
20180408,과천선,범계,19781,19022,20180411
20180409,과천선,범계,33198,32269,20180412
20180410,과천선,범계,34136,33456,20180413
20180411,과천선,범계,34313,33582,20180414
20180412,과천선,범계,34412,33755,20180415
20180413,과천선,범계,35677,35578,20180416
20180414,과천선,범계,26282,25527,20180417
20180415,과천선,범계,20904,19870,20180418
20180416,과천선,범계,32443,31439,20180419
20180417,과천선,범계,33816,33043,20180420
20180418,과천선,범계,33904,33301,20180421
20180419,과천선,범계,33306,32487,20180422
20180420,과천선,범계,34768,34599,20180423
20180421,과천선,범계,29304,28103,20180424
20180422,과천선,범계,17767,16839,20180425
20180423,과천선,범계,29607,28960,20180426
20180424,과천선,범계,32774,32013,20180427
20180425,과천선,범계,35171,34879,20180428
20180426,과천선,범계,34258,33796,20180429
20180427,과천선,범계,35983,36279,20180430
20180428,과천선,범계,31387,30598,20180501
20180429,과천선,범계,21884,21108,20180502
20180430,과천선,범계,33135,32389,20180503
20180501,과천선,범계,27072,27076,20180504
20180502,과천선,범계,33189,32468,20180505
20180503,과천선,범계,35012,34472,20180506
20180504,과천선,범계,38363,38603,20180507
20180505,과천선,범계,26212,25397,20180508
20180506,과천선,범계,18457,18090,20180509
20180507,과천선,범계,22912,22139,20180510
20180508,과천선,범계,33577,33283,20180511
20180509,과천선,범계,34367,33602,20180512
20180510,과천선,범계,33935,33298,20180513
20180511,과천선,범계,37429,37540,20180514
20180512,과천선,범계,27245,26951,20180515
20180513,과천선,범계,20995,20069,20180516
20180514,과천선,범계,33500,32591,20180517
20180515,과천선,범계,34323,33329,20180518
20180516,과천선,범계,31838,31365,20180519
20180517,과천선,범계,32007,31069,20180520
20180518,과천선,범계,37804,38018,20180521
20180519,과천선,범계,31442,30130,20180522
20180520,과천선,범계,21925,20567,20180523
20180521,과천선,범계,32906,32512,20180524
20180522,과천선,범계,21716,20891,20180525
20180523,과천선,범계,33779,33088,20180526
20180524,과천선,범계,34118,33240,20180527
20180525,과천선,범계,36137,35948,20180528
20180526,과천선,범계,30513,29281,20180529
20180527,과천선,범계,20896,19760,20180530
20180528,과천선,범계,32402,31245,20180531
20180529,과천선,범계,33681,32847,20180601
20180530,과천선,범계,33852,33438,20180602
20180531,과천선,범계,33942,32968,20180603
20180601,과천선,범계,35217,35313,20180604
20180602,과천선,범계,29012,28343,20180605
20180603,과천선,범계,20379,19358,20180606
20180604,과천선,범계,32875,31747,20180607
20180605,과천선,범계,35337,34960,20180608
20180606,과천선,범계,22607,21691,20180609
20180607,과천선,범계,33546,32689,20180610
20180608,과천선,범계,35242,34924,20180611
20180609,과천선,범계,28104,27217,20180612
20180610,과천선,범계,18575,17700,20180613
20180611,과천선,범계,32373,31414,20180614
20180612,과천선,범계,34226,33443,20180615
20180613,과천선,범계,22443,21537,20180616
20180614,과천선,범계,32353,31626,20180617
20180615,과천선,범계,34823,34444,20180618
20180616,과천선,범계,27581,26839,20180619
20180617,과천선,범계,18676,17685,20180620
20180618,과천선,범계,31335,30646,20180621
20180619,과천선,범계,32675,31873,20180622
20180620,과천선,범계,33571,32986,20180623
20180621,과천선,범계,33512,32419,20180624
20180622,과천선,범계,34706,34516,20180625
20180623,과천선,범계,28763,27999,20180626
20180624,과천선,범계,18899,18177,20180627
20180625,과천선,범계,31840,30654,20180628
20180626,과천선,범계,29001,28149,20180629
20180627,과천선,범계,32493,31810,20180630
20180628,과천선,범계,31555,30444,20180701
20180629,과천선,범계,34164,33628,20180702
20180630,과천선,범계,25670,25097,20180703
20180701,과천선,범계,15287,14432,20180704
20180702,과천선,범계,29358,28351,20180705
20180703,과천선,범계,31563,30917,20180706
20180704,과천선,범계,32675,31685,20180707
20180705,과천선,범계,32323,31217,20180708
20180706,과천선,범계,34924,34638,20180709
20180707,과천선,범계,28848,27829,20180710
20180708,과천선,범계,19887,18752,20180711
20180709,과천선,범계,29763,29000,20180712
20180710,과천선,범계,32210,31111,20180713
20180711,과천선,범계,32859,31984,20180714
20180712,과천선,범계,32648,31530,20180715
20180713,과천선,범계,34422,34035,20180716
20180714,과천선,범계,27857,26951,20180717
20180715,과천선,범계,19359,18428,20180718
20180716,과천선,범계,30270,28908,20180719
20180717,과천선,범계,31683,30989,20180720
20180718,과천선,범계,32717,31989,20180721
20180719,과천선,범계,32365,31235,20180722
20180720,과천선,범계,34384,34115,20180723
20180721,과천선,범계,26786,25796,20180724
20180722,과천선,범계,18858,18345,20180725
20180723,과천선,범계,30752,29781,20180726
20180724,과천선,범계,31468,30558,20180727
20180725,과천선,범계,32024,31216,20180728
20180726,과천선,범계,32027,30976,20180729
20180727,과천선,범계,33304,32623,20180730
20180728,과천선,범계,24352,23452,20180731
20180729,과천선,범계,18237,17382,20180801
20180730,과천선,범계,29534,28554,20180802
20180731,과천선,범계,29798,28756,20180803
20180801,과천선,범계,29310,28440,20180804
20180802,과천선,범계,29154,28041,20180805
20180803,과천선,범계,29799,29074,20180806
20180804,과천선,범계,22873,22205,20180807
20180805,과천선,범계,17516,16737,20180808
20180806,과천선,범계,29100,27799,20180809
20180807,과천선,범계,30702,29895,20180810
20180808,과천선,범계,31492,30862,20180811
20180809,과천선,범계,30871,29851,20180812
20180810,과천선,범계,32852,32290,20180813
20180811,과천선,범계,25372,24570,20180814
20180812,과천선,범계,18440,17599,20180815
20180813,과천선,범계,30115,29020,20180816
20180814,과천선,범계,31965,31047,20180817
20180815,과천선,범계,20972,19879,20180818
20180816,과천선,범계,30777,29600,20180819
20180817,과천선,범계,32396,31758,20180820
20180818,과천선,범계,26005,25307,20180821
20180819,과천선,범계,18658,17892,20180822
20180820,과천선,범계,30703,29479,20180823
20180821,과천선,범계,31294,30279,20180824
20180822,과천선,범계,32116,31217,20180825
20180823,과천선,범계,29040,27919,20180826
20180824,과천선,범계,29822,29125,20180827
20180825,과천선,범계,27602,26754,20180828
20180826,과천선,범계,18425,17340,20180829
20180827,과천선,범계,30402,29421,20180830
20180828,과천선,범계,30046,29249,20180831
20180829,과천선,범계,31204,30682,20180901
20180830,과천선,범계,31812,31242,20180902
20180831,과천선,범계,34036,33506,20180903
20180901,과천선,범계,27277,26246,20180904
20180902,과천선,범계,18929,17916,20180905
20180903,과천선,범계,31177,30300,20180906
20180904,과천선,범계,33025,32443,20180907
20180905,과천선,범계,35207,34381,20180908
20180906,과천선,범계,33297,32737,20180909
20180907,과천선,범계,35115,35331,20180910
20180908,과천선,범계,29158,27890,20180911
20180909,과천선,범계,20573,19177,20180912
20180910,과천선,범계,32790,32174,20180913
20180911,과천선,범계,33690,32939,20180914
20180912,과천선,범계,33842,33649,20180915
20180913,과천선,범계,33698,33333,20180916
20180914,과천선,범계,35188,35183,20180917
20180915,과천선,범계,28271,27389,20180918
20180916,과천선,범계,20025,18839,20180919
20180917,과천선,범계,32886,32070,20180920
20180918,과천선,범계,33230,32814,20180921
20180919,과천선,범계,34323,33668,20180922
20180920,과천선,범계,32808,32162,20180923
20180921,과천선,범계,34199,34726,20180924
20180922,과천선,범계,22514,22209,20180925
20180923,과천선,범계,12574,11939,20180926
20180924,과천선,범계,9480,9527,20180927
20180925,과천선,범계,16469,16337,20180928
20180926,과천선,범계,19299,18249,20180929
20180927,과천선,범계,31829,31534,20180930
20180928,과천선,범계,34291,34259,20181001
20180929,과천선,범계,28144,27159,20181002
20180930,과천선,범계,19009,17936,20181003
20181001,과천선,범계,32647,31782,20181004
20181002,과천선,범계,34610,34303,20181005
20181003,과천선,범계,23211,22153,20181006
20181004,과천선,범계,33768,33219,20181007
20181005,과천선,범계,33876,33903,20181008
20181006,과천선,범계,25532,24654,20181009
20181007,과천선,범계,20932,19748,20181010
20181008,과천선,범계,33234,33034,20181011
20181009,과천선,범계,22177,21383,20181012
20181010,과천선,범계,33690,33320,20181013
20181011,과천선,범계,34643,33872,20181014
20181012,과천선,범계,36116,36098,20181015
20181013,과천선,범계,30124,29259,20181016
20181014,과천선,범계,21146,20204,20181017
20181015,과천선,범계,31669,30836,20181018
20181016,과천선,범계,33528,32906,20181019
20181017,과천선,범계,35251,35027,20181020
20181018,과천선,범계,34908,34257,20181021
20181019,과천선,범계,37283,37532,20181022
20181020,과천선,범계,29714,28655,20181023
20181021,과천선,범계,20826,19909,20181024
20181022,과천선,범계,32094,31390,20181025
20181023,과천선,범계,32226,31861,20181026
20181024,과천선,범계,34432,33881,20181027
20181025,과천선,범계,33980,33183,20181028
20181026,과천선,범계,36014,36429,20181029
20181027,과천선,범계,30689,29937,20181030
20181028,과천선,범계,20042,19135,20181031
20181029,과천선,범계,31886,32547,20181101
20181030,과천선,범계,33233,32596,20181102
20181031,과천선,범계,33818,33560,20181103
20181101,과천선,범계,32949,32663,20181104
20181102,과천선,범계,35770,36219,20181105
20181103,과천선,범계,30182,29463,20181106
20181104,과천선,범계,21479,19936,20181107
20181105,과천선,범계,31815,30754,20181108
20181106,과천선,범계,33050,32426,20181109
20181107,과천선,범계,33216,32959,20181110
20181108,과천선,범계,31674,31260,20181111
20181109,과천선,범계,34836,35248,20181112
20181110,과천선,범계,30044,28715,20181113
20181111,과천선,범계,20440,19340,20181114
20181112,과천선,범계,32261,31487,20181115
20181113,과천선,범계,33051,32277,20181116
20181114,과천선,범계,34027,33717,20181117
20181115,과천선,범계,34211,33581,20181118
20181116,과천선,범계,35433,35478,20181119
20181117,과천선,범계,29122,28708,20181120
20181118,과천선,범계,20521,19544,20181121
20181119,과천선,범계,32107,31499,20181122
20181120,과천선,범계,33325,32866,20181123
20181121,과천선,범계,33438,33338,20181124
20181122,과천선,범계,33699,33434,20181125
20181123,과천선,범계,34662,35065,20181126
20181124,과천선,범계,30466,28799,20181127
20181125,과천선,범계,20719,19845,20181128
20181126,과천선,범계,32238,31676,20181129
20181127,과천선,범계,32645,32268,20181130
20181128,과천선,범계,33584,33004,20181201
20181129,과천선,범계,33332,32495,20181202
20181130,과천선,범계,35211,35240,20181203
20181201,과천선,범계,28588,27794,20181204
20181202,과천선,범계,19557,18454,20181205
20181203,과천선,범계,31227,30322,20181206
20181204,과천선,범계,33028,32405,20181207
20181205,과천선,범계,34173,33416,20181208
20181206,과천선,범계,33782,32948,20181209
20181207,과천선,범계,34825,34753,20181210
20181208,과천선,범계,27641,26699,20181211
20181209,과천선,범계,18318,17507,20181212
20181210,과천선,범계,32168,31458,20181213
20181211,과천선,범계,33113,32440,20181214
20181212,과천선,범계,34042,33201,20181215
20181213,과천선,범계,35425,34506,20181216
20181214,과천선,범계,36542,35630,20181217
20181215,과천선,범계,29456,28490,20181218
20181216,과천선,범계,19382,18638,20181219
20181217,과천선,범계,32668,31631,20181220
20181218,과천선,범계,33864,32899,20181221
20181219,과천선,범계,34452,33739,20181222
20181220,과천선,범계,35956,34587,20181223
20181221,과천선,범계,36380,35925,20181224
20181222,과천선,범계,29221,28658,20181225
20181223,과천선,범계,20245,19424,20181226
20181224,과천선,범계,32244,32154,20181227
20181225,과천선,범계,21820,21172,20181228
20181226,과천선,범계,33104,32234,20181229
20181227,과천선,범계,31956,30786,20181230
20181228,과천선,범계,33499,32930,20181231
20181229,과천선,범계,24608,24164,20190101
20181230,과천선,범계,18098,17534,20190102
20181231,과천선,범계,29166,29128,20190103
20190101,과천선,범계,12216,12117,20190104
20190102,과천선,범계,30706,29794,20190105
20190103,과천선,범계,31619,30811,20190106
20190104,과천선,범계,33914,33636,20190107
20190105,과천선,범계,26312,25811,20190108
20190106,과천선,범계,18361,17752,20190109
20190107,과천선,범계,31205,30095,20190110
20190108,과천선,범계,31697,30939,20190111
20190109,과천선,범계,31980,30928,20190112
20190110,과천선,범계,32388,31344,20190113
20190111,과천선,범계,34359,33858,20190114
20190112,과천선,범계,27305,26606,20190115
20190113,과천선,범계,18416,17834,20190116
20190114,과천선,범계,30591,29530,20190117
20190115,과천선,범계,30904,30199,20190118
20190116,과천선,범계,31949,31012,20190119
20190117,과천선,범계,32474,31312,20190120
20190118,과천선,범계,33926,33708,20190121
20190119,과천선,범계,26734,25802,20190122
20190120,과천선,범계,19040,18475,20190123
20190121,과천선,범계,30482,29240,20190124
20190122,과천선,범계,31677,30889,20190125
20190123,과천선,범계,32821,31528,20190126
20190124,과천선,범계,31616,30789,20190127
20190125,과천선,범계,33548,33330,20190128
20190126,과천선,범계,26991,26074,20190129
20190127,과천선,범계,18933,18457,20190130
20190128,과천선,범계,31101,30033,20190131
20190129,과천선,범계,31833,30955,20190201
20190130,과천선,범계,32469,31309,20190202
20190131,과천선,범계,31931,31289,20190203
20190201,과천선,범계,32969,32855,20190204
20190202,과천선,범계,22077,21545,20190205
20190203,과천선,범계,13823,13736,20190206
20190204,과천선,범계,10358,10155,20190207
20190205,과천선,범계,8536,9025,20190208
20190206,과천선,범계,15632,15186,20190209
20190207,과천선,범계,30044,29436,20190210
20190208,과천선,범계,32622,31904,20190211
20190209,과천선,범계,25978,25598,20190212
20190210,과천선,범계,18119,17439,20190213
20190211,과천선,범계,31380,30707,20190214
20190212,과천선,범계,32425,31369,20190215
20190213,과천선,범계,33076,32247,20190216
20190214,과천선,범계,33866,32918,20190217
20190215,과천선,범계,34909,34459,20190218
20190216,과천선,범계,28963,28209,20190219
20190217,과천선,범계,20241,19529,20190220
20190218,과천선,범계,31706,30749,20190221
20190219,과천선,범계,32758,31347,20190222
20190220,과천선,범계,33117,31498,20190223
20190221,과천선,범계,32992,31886,20190224
20190222,과천선,범계,34751,34193,20190225
20190223,과천선,범계,29083,28417,20190226
20190224,과천선,범계,20879,19943,20190227
20190225,과천선,범계,32303,31202,20190228
20190226,과천선,범계,33280,32300,20190301
20190227,과천선,범계,33959,33338,20190302
20190228,과천선,범계,34247,33547,20190303
20190301,과천선,범계,23836,23368,20190304
20190302,과천선,범계,25061,24611,20190305
20190303,과천선,범계,19116,18273,20190306
20190304,과천선,범계,31646,30944,20190307
20190305,과천선,범계,32863,32654,20190308
20190306,과천선,범계,33241,32796,20190309
20190307,과천선,범계,33805,33276,20190310
20190308,과천선,범계,35699,35793,20190311
20190309,과천선,범계,29638,28940,20190312
20190310,과천선,범계,20041,19011,20190313
20190311,과천선,범계,32683,31749,20190314
20190312,과천선,범계,32793,32527,20190315
20190313,과천선,범계,33913,33432,20190316
20190314,과천선,범계,33964,33630,20190317
20190315,과천선,범계,34407,34833,20190318
20190316,과천선,범계,29298,28534,20190319
20190317,과천선,범계,20397,19089,20190320
20190318,과천선,범계,32359,31652,20190321
20190319,과천선,범계,33431,32987,20190322
20190320,과천선,범계,33164,32836,20190323
20190321,과천선,범계,33264,32841,20190324
20190322,과천선,범계,35113,35095,20190325
20190323,과천선,범계,28201,27716,20190326
20190324,과천선,범계,20030,19154,20190327
20190325,과천선,범계,32409,31665,20190328
20190326,과천선,범계,33347,32806,20190329
20190327,과천선,범계,33753,33408,20190330
20190328,과천선,범계,33761,33438,20190331
20190329,과천선,범계,35352,35748,20190401
20190330,과천선,범계,26968,26663,20190402
20190331,과천선,범계,19370,18605,20190403
20190401,과천선,범계,32155,31446,20190404
20190402,과천선,범계,32890,32293,20190405
20190403,과천선,범계,33884,33897,20190406
20190404,과천선,범계,33683,33108,20190407
20190405,과천선,범계,34559,34870,20190408
20190406,과천선,범계,27640,27090,20190409
20190407,과천선,범계,20954,19679,20190410
20190408,과천선,범계,32397,31746,20190411
20190409,과천선,범계,32531,32076,20190412
20190410,과천선,범계,32750,32417,20190413
20190411,과천선,범계,33907,33411,20190414
20190412,과천선,범계,35163,35339,20190415
20190413,과천선,범계,31278,30485,20190416
20190414,과천선,범계,18635,17576,20190417
20190415,과천선,범계,31892,31074,20190418
20190416,과천선,범계,33764,33196,20190419
20190417,과천선,범계,34967,34801,20190420
20190418,과천선,범계,33401,33015,20190421
20190419,과천선,범계,34787,34583,20190422
20190420,과천선,범계,28617,27541,20190423
20190421,과천선,범계,18560,17491,20190424
20190422,과천선,범계,31622,31087,20190425
20190423,과천선,범계,32795,32199,20190426
20190424,과천선,범계,34016,33629,20190427
20190425,과천선,범계,32803,32627,20190428
20190426,과천선,범계,35064,35618,20190429
20190427,과천선,범계,31120,30686,20190430
20190428,과천선,범계,21084,19983,20190501
20190429,과천선,범계,33093,32096,20190502
20190430,과천선,범계,35120,34975,20190503
20190501,과천선,범계,27215,26837,20190504
20190502,과천선,범계,34792,34453,20190505
20190503,과천선,범계,36749,37177,20190506
20190504,과천선,범계,28056,27342,20190507
20190505,과천선,범계,21689,20847,20190508
20190506,과천선,범계,22100,20915,20190509
20190507,과천선,범계,34006,33756,20190510
20190508,과천선,범계,34066,34016,20190511
20190509,과천선,범계,34315,33704,20190512
20190510,과천선,범계,37041,37160,20190513
20190511,과천선,범계,30720,30046,20190514
20190512,과천선,범계,21456,20454,20190515
20190513,과천선,범계,32809,32010,20190516
20190514,과천선,범계,34195,33306,20190517
20190515,과천선,범계,36104,35311,20190518
20190516,과천선,범계,34216,33914,20190519
20190517,과천선,범계,37372,37785,20190520
20190518,과천선,범계,30039,29392,20190521
20190519,과천선,범계,19112,18086,20190522
20190520,과천선,범계,32800,32220,20190523
20190521,과천선,범계,33797,33321,20190524
20190522,과천선,범계,33990,33461,20190525
20190523,과천선,범계,33830,33106,20190526
20190524,과천선,범계,37359,37474,20190527
20190525,과천선,범계,29620,28770,20190528
20190526,과천선,범계,21183,20187,20190529
20190527,과천선,범계,30497,29664,20190530
20190528,과천선,범계,33916,33422,20190531
20190529,과천선,범계,34304,33828,20190601
20190530,과천선,범계,33933,33593,20190602
20190531,과천선,범계,35864,36211,20190603
20190601,과천선,범계,29294,28839,20190604
20190602,과천선,범계,20750,19564,20190605
20190603,과천선,범계,32809,32153,20190606
20190604,과천선,범계,33983,33171,20190607
20190605,과천선,범계,36137,36181,20190608
20190606,과천선,범계,21812,21158,20190609
20190607,과천선,범계,30787,30663,20190610
20190608,과천선,범계,27500,26692,20190611
20190609,과천선,범계,18505,17541,20190612
20190610,과천선,범계,32115,31411,20190613
20190611,과천선,범계,33519,32762,20190614
20190612,과천선,범계,33940,33514,20190615
20190613,과천선,범계,33477,32802,20190616
20190614,과천선,범계,34105,34348,20190617
20190615,과천선,범계,28742,27600,20190618
20190616,과천선,범계,18921,17949,20190619
20190617,과천선,범계,31545,30907,20190620
20190618,과천선,범계,32576,31879,20190621
20190619,과천선,범계,33468,32802,20190622
20190620,과천선,범계,33849,33300,20190623
20190621,과천선,범계,34838,34631,20190624
20190622,과천선,범계,29020,28217,20190625
20190623,과천선,범계,20009,19203,20190626
20190624,과천선,범계,31882,31019,20190627
20190625,과천선,범계,32753,31882,20190628
20190626,과천선,범계,32916,31876,20190629
20190627,과천선,범계,32367,31454,20190630
20190628,과천선,범계,33964,33564,20190701
20190629,과천선,범계,26694,24386,20190702
20190630,과천선,범계,19466,18456,20190703
20190701,과천선,범계,31385,30361,20190704
20190702,과천선,범계,32763,31941,20190705
20190703,과천선,범계,32644,31878,20190706
20190704,과천선,범계,32773,31973,20190707
20190705,과천선,범계,35290,35155,20190708
20190706,과천선,범계,27956,27057,20190709
20190707,과천선,범계,19930,19249,20190710
20190708,과천선,범계,31622,30264,20190711
20190709,과천선,범계,32620,32024,20190712
20190710,과천선,범계,32568,32085,20190713
20190711,과천선,범계,31770,31070,20190714
20190712,과천선,범계,34594,34284,20190715
20190713,과천선,범계,28083,27573,20190716
20190714,과천선,범계,19784,18983,20190717
20190715,과천선,범계,30139,29358,20190718
20190716,과천선,범계,32414,31604,20190719
20190717,과천선,범계,33413,32847,20190720
20190718,과천선,범계,32805,31893,20190721
20190719,과천선,범계,35043,34612,20190722
20190720,과천선,범계,25695,25209,20190723
20190721,과천선,범계,18716,17998,20190724
20190722,과천선,범계,30957,29887,20190725
20190723,과천선,범계,32291,31206,20190726
20190724,과천선,범계,32103,31152,20190727
20190725,과천선,범계,31111,30271,20190728
20190726,과천선,범계,31044,30414,20190729
20190727,과천선,범계,19595,18776,20190730
20190728,과천선,범계,17080,16529,20190731
20190729,과천선,범계,30472,29759,20190801
20190730,과천선,범계,30561,29874,20190802
20190731,과천선,범계,29244,28645,20190803
20190801,과천선,범계,29985,28965,20190804
20190802,과천선,범계,31161,30810,20190805
20190803,과천선,범계,23251,22403,20190806
20190804,과천선,범계,17940,17398,20190807
20190805,과천선,범계,28293,27450,20190808
20190806,과천선,범계,30466,29753,20190809
20190807,과천선,범계,30407,28770,20190810
20190808,과천선,범계,30825,30231,20190811
20190809,과천선,범계,32512,31973,20190812
20190810,과천선,범계,24812,24094,20190813
20190811,과천선,범계,18239,17766,20190814
20190812,과천선,범계,28876,28109,20190815
20190813,과천선,범계,31408,30559,20190816
20190814,과천선,범계,32514,32326,20190817
20190815,과천선,범계,18724,18416,20190818
20190816,과천선,범계,30116,29875,20190819
20190817,과천선,범계,24028,23450,20190820
20190818,과천선,범계,18861,18127,20190821
20190819,과천선,범계,30645,29865,20190822
20190820,과천선,범계,32020,31247,20190823
20190821,과천선,범계,31970,31256,20190824
20190822,과천선,범계,31863,30972,20190825
20190823,과천선,범계,33567,33259,20190826
20190824,과천선,범계,26861,26100,20190827
20190825,과천선,범계,19422,18656,20190828
20190826,과천선,범계,30984,30331,20190829
20190827,과천선,범계,32243,31684,20190830
20190828,과천선,범계,32835,32438,20190831
20190829,과천선,범계,31246,30689,20190901
20190830,과천선,범계,34387,34277,20190902
20190831,과천선,범계,27966,27066,20190903
20190901,과천선,범계,19812,18744,20190904
20190902,과천선,범계,32077,31313,20190905
20190903,과천선,범계,32875,32271,20190906
20190904,과천선,범계,33587,33090,20190907
20190905,과천선,범계,31688,31577,20190908
20190906,과천선,범계,33956,34263,20190909
20190907,과천선,범계,18625,18392,20190910
20190908,과천선,범계,19944,18709,20190911
20190909,과천선,범계,32722,32119,20190912
20190910,과천선,범계,32417,32253,20190913
20190911,과천선,범계,32631,34035,20190914
20190912,과천선,범계,12483,12208,20190915
20190913,과천선,범계,9497,9970,20190916
20190914,과천선,범계,16665,16452,20190917
20190915,과천선,범계,18238,16995,20190918
20190916,과천선,범계,31991,31475,20190919
20190917,과천선,범계,33600,32978,20190920
20190918,과천선,범계,33699,33497,20190921
20190919,과천선,범계,33547,33190,20190922
20190920,과천선,범계,35253,35425,20190923
20190921,과천선,범계,28653,28076,20190924
20190922,과천선,범계,18061,16878,20190925
20190923,과천선,범계,32222,31716,20190926
20190924,과천선,범계,33571,33007,20190927
20190925,과천선,범계,34037,33262,20190928
20190926,과천선,범계,33657,32803,20190929
20190927,과천선,범계,34891,35115,20190930
20190928,과천선,범계,30573,29351,20191001
20190929,과천선,범계,20407,19361,20191002
20190930,과천선,범계,32387,31698,20191003
20191001,과천선,범계,33245,32528,20191004
20191002,과천선,범계,34103,34227,20191005
20191003,과천선,범계,21881,21426,20191006
20191004,과천선,범계,33291,33498,20191007
20191005,과천선,범계,29187,28297,20191008
20191006,과천선,범계,19565,18805,20191009
20191007,과천선,범계,29942,29330,20191010
20191008,과천선,범계,34659,34666,20191011
20191009,과천선,범계,23219,22159,20191012
20191010,과천선,범계,33387,32838,20191013
20191011,과천선,범계,35789,35703,20191014
20191012,과천선,범계,29017,27680,20191015
20191013,과천선,범계,20205,18896,20191016
20191014,과천선,범계,31933,31257,20191017
20191015,과천선,범계,32693,31964,20191018
20191016,과천선,범계,33882,33810,20191019
20191017,과천선,범계,33247,32646,20191020
20191018,과천선,범계,34736,34975,20191021
20191019,과천선,범계,29351,28521,20191022
20191020,과천선,범계,20553,19701,20191023
20191021,과천선,범계,31820,31160,20191024
20191022,과천선,범계,32983,32487,20191025
20191023,과천선,범계,33866,33831,20191026
20191024,과천선,범계,33235,32870,20191027
20191025,과천선,범계,35916,36574,20191028
20191026,과천선,범계,30252,29213,20191029
20191027,과천선,범계,21074,20066,20191030
20191028,과천선,범계,32311,31646,20191031
20191029,과천선,범계,33338,32610,20191101
20191030,과천선,범계,33659,33448,20191102
20191031,과천선,범계,33430,33007,20191103
20191101,과천선,범계,35485,35557,20191104
20191102,과천선,범계,29347,28558,20191105
20191103,과천선,범계,20482,19134,20191106
20191104,과천선,범계,32190,31358,20191107
20191105,과천선,범계,33065,32704,20191108
20191106,과천선,범계,33672,33422,20191109
20191107,과천선,범계,33177,32818,20191110
20191108,과천선,범계,35047,35133,20191111
20191109,과천선,범계,29165,28190,20191112
20191110,과천선,범계,19755,18743,20191113
20191111,과천선,범계,31212,30400,20191114
20191112,과천선,범계,33291,32651,20191115
20191113,과천선,범계,32794,32384,20191116
20191114,과천선,범계,33017,32750,20191117
20191115,과천선,범계,33690,33971,20191118
20191116,과천선,범계,28676,28205,20191119
20191117,과천선,범계,18094,17422,20191120
20191118,과천선,범계,32278,31442,20191121
20191119,과천선,범계,32787,31987,20191122
20191120,과천선,범계,32469,31649,20191123
20191121,과천선,범계,32133,31395,20191124
20191122,과천선,범계,33325,33025,20191125
20191123,과천선,범계,27255,26309,20191126
20191124,과천선,범계,18714,17601,20191127
20191125,과천선,범계,31170,30302,20191128
20191126,과천선,범계,32805,32579,20191129
20191127,과천선,범계,33862,33466,20191130
20191128,과천선,범계,33224,32698,20191201
20191129,과천선,범계,35258,35404,20191202
20191130,과천선,범계,28361,27490,20191203
20191201,과천선,범계,17893,17146,20191204
20191202,과천선,범계,32388,31756,20191205
20191203,과천선,범계,32902,32433,20191206
20191204,과천선,범계,33764,33066,20191207
20191205,과천선,범계,33272,32849,20191208
20191206,과천선,범계,34119,34143,20191209
20191207,과천선,범계,28608,27474,20191210
20191208,과천선,범계,19239,18096,20191211
20191209,과천선,범계,32153,31313,20191212
20191210,과천선,범계,32804,32186,20191213
20191211,과천선,범계,33370,32548,20191214
20191212,과천선,범계,33913,33203,20191215
20191213,과천선,범계,36228,35761,20191216
20191214,과천선,범계,30094,28962,20191217
20191215,과천선,범계,20264,19524,20191218
20191216,과천선,범계,32223,31105,20191219
20191217,과천선,범계,32343,31498,20191220
20191218,과천선,범계,33965,33157,20191221
20191219,과천선,범계,34152,33350,20191222
20191220,과천선,범계,36643,36371,20191223
20191221,과천선,범계,30982,29987,20191224
20191222,과천선,범계,20889,20035,20191225
20191223,과천선,범계,33152,32420,20191226
20191224,과천선,범계,34679,35012,20191227
20191225,과천선,범계,22194,21582,20191228
20191226,과천선,범계,32498,31549,20191229
20191227,과천선,범계,35169,34968,20191230
20191228,과천선,범계,27537,26766,20191231
20191229,과천선,범계,18717,17758,20200101
20191230,과천선,범계,31567,29665,20200102
20191231,과천선,범계,29577,29371,20200103
